<?xml version="1.0" standalone="no"?>
<spellcheck name="Anthony Perkins">
  <match>Anthony Perkins (I)</match>
  <match>Anthony Perkins (II)</match>
  <match>Anthony Perkins (III)</match>
  <match>Anthony Perkins (IV)</match>
  <match>Anthony Perkins (IX)</match>
  <match>Anthony Jenkins (I)</match>
  <match>Anthony Jenkins (II)</match>
  <match>Anthony Parkin</match>
  <match>Anthony Perine</match>
  <match>Anthony Peskine</match>
  <match>Anthony Prins</match>
  <match>Anthony Arkin</match>
  <match>Anthony Bertino</match>
  <match>Anthony Fertino</match>
  <match>Anthony Harkin</match>
  <match>Anthony Haskins</match>
  <match>Anthony Kerns</match>
  <match>Anthony Mankins</match>
  <match>Anthony Mertens</match>
  <match>Anthony Parris</match>
  <match>Anthony Parvino</match>
  <match>Anthony Pelfini</match>
  <match>Anthony Pellino</match>
  <match>Anthony Perales</match>
  <match>Anthony Pernice</match>
  <match>Anthony Pettine</match>
  <match>Anthony Pettis</match>
  <match>Anthony Pierini</match>
  <match>Anthony Simkins</match>
  <match>Anthony Wilkins</match>
  <match>Antonio Perkins</match>
  <match>Antony Peraino</match>
  <match>Anthony V. Orkin</match>
  <match>Tony Paris (II)</match>
</spellcheck>
